,split0_test_score,split1_test_score,split2_test_score,split3_test_score,split4_test_score,mean_test_score,std_test_score,rank_test_score,mean_fit_time,std_fit_time,mean_score_time,std_score_time,param_colsample_bylevel,param_colsample_bytree,param_gamma,param_learning_rate,param_max_delta_step,param_max_depth,param_min_child_weight,param_n_estimators,param_reg_alpha,param_reg_lambda,param_scale_pos_weight,param_subsample,params
0,-333.98142285950576,-482.331906170809,-372.37374149666044,-1380.3011696683263,-369.9884697055989,-587.7953419801801,399.3634505852292,1,0.007920265197753906,0.00020808722310194865,0.00047192573547363283,9.098642757980883e-05,0.4160029192647807,0.7304484857455519,0.13031389926541354,0.042815319280763466,13,21,2,87,5.497557739289786e-07,0.05936070635912049,0.060830282487222144,0.13556548021189216,"{'colsample_bylevel': 0.4160029192647807, 'colsample_bytree': 0.7304484857455519, 'gamma': 0.13031389926541354, 'learning_rate': 0.042815319280763466, 'max_delta_step': 13, 'max_depth': 21, 'min_child_weight': 2, 'n_estimators': 87, 'reg_alpha': 5.497557739289786e-07, 'reg_lambda': 0.05936070635912049, 'scale_pos_weight': 0.060830282487222144, 'subsample': 0.13556548021189216}"
1,-333.98142285950576,-482.331906170809,-372.37374149666044,-1380.3011696683263,-369.9884697055989,-587.7953419801801,399.3634505852292,1,0.006645059585571289,4.302054333020217e-05,0.00032253265380859374,1.0251888008405067e-05,0.8390144719977516,0.8844821246070537,4.358684608480795e-07,0.7988179462781242,17,3,1,68,0.0005266983003701547,276.5424475574225,0.3016410771843142,0.9923710598637134,"{'colsample_bylevel': 0.8390144719977516, 'colsample_bytree': 0.8844821246070537, 'gamma': 4.358684608480795e-07, 'learning_rate': 0.7988179462781242, 'max_delta_step': 17, 'max_depth': 3, 'min_child_weight': 1, 'n_estimators': 68, 'reg_alpha': 0.0005266983003701547, 'reg_lambda': 276.5424475574225, 'scale_pos_weight': 0.3016410771843142, 'subsample': 0.9923710598637134}"
2,-355.14526151047056,-696.5913449748607,-687.0090551048086,-1070.5153384064472,-950.0364501010301,-751.8594900195235,247.16714307738226,1,0.06996183395385742,0.0013631560640855868,0.0018954753875732421,8.163229324294507e-05,0.4503841871781403,0.9195352964526833,8.168958221061441e-09,0.07356404539935663,4,23,1,88,0.00010376808625045426,476.96194787286544,1.3165669602830552,0.387658500562527,"{'colsample_bylevel': 0.4503841871781403, 'colsample_bytree': 0.9195352964526833, 'gamma': 8.168958221061441e-09, 'learning_rate': 0.07356404539935663, 'max_delta_step': 4, 'max_depth': 23, 'min_child_weight': 1, 'n_estimators': 88, 'reg_alpha': 0.00010376808625045426, 'reg_lambda': 476.96194787286544, 'scale_pos_weight': 1.3165669602830552, 'subsample': 0.387658500562527}"
3,-333.98142285950576,-482.331906170809,-372.37374149666044,-1380.3011696683263,-369.9884697055989,-587.7953419801801,399.3634505852292,1,0.007339954376220703,7.495464551243215e-05,0.00034017562866210936,9.054131926601406e-06,0.8142720284737898,0.1801528457825951,0.00015936523535755285,0.4032083917998946,10,5,4,94,0.1611980387486336,4.3806965488564525e-05,0.0009365503147654213,0.8391548832503206,"{'colsample_bylevel': 0.8142720284737898, 'colsample_bytree': 0.1801528457825951, 'gamma': 0.00015936523535755285, 'learning_rate': 0.4032083917998946, 'max_delta_step': 10, 'max_depth': 5, 'min_child_weight': 4, 'n_estimators': 94, 'reg_alpha': 0.1611980387486336, 'reg_lambda': 4.3806965488564525e-05, 'scale_pos_weight': 0.0009365503147654213, 'subsample': 0.8391548832503206}"
4,-333.98142285950576,-482.331906170809,-372.37374149666044,-1380.3011696683263,-369.9884697055989,-587.7953419801801,399.3634505852292,1,0.007081174850463867,0.00011839393248295011,0.0003310203552246094,8.50937251985431e-06,0.8015579071911014,0.44364889457651413,3.811128976537413e-05,0.2700390206185342,18,36,2,83,1.5057560255472018e-06,0.08186810622382998,0.029004593634154585,0.8835665823899177,"{'colsample_bylevel': 0.8015579071911014, 'colsample_bytree': 0.44364889457651413, 'gamma': 3.811128976537413e-05, 'learning_rate': 0.2700390206185342, 'max_delta_step': 18, 'max_depth': 36, 'min_child_weight': 2, 'n_estimators': 83, 'reg_alpha': 1.5057560255472018e-06, 'reg_lambda': 0.08186810622382998, 'scale_pos_weight': 0.029004593634154585, 'subsample': 0.8835665823899177}"
5,-333.98142285950576,-482.331906170809,-372.37374149666044,-1380.3011696683263,-369.9884697055989,-587.7953419801801,399.3634505852292,1,0.007439994812011718,6.075335806266608e-05,0.000334930419921875,1.9342433676280548e-05,0.7366877378057127,0.9399760402267441,2.6498051478267012e-08,0.0238149998729586,16,19,2,77,0.011683028450342707,0.0048879464985534336,0.13267482411031659,0.5689543694097536,"{'colsample_bylevel': 0.7366877378057127, 'colsample_bytree': 0.9399760402267441, 'gamma': 2.6498051478267012e-08, 'learning_rate': 0.0238149998729586, 'max_delta_step': 16, 'max_depth': 19, 'min_child_weight': 2, 'n_estimators': 77, 'reg_alpha': 0.011683028450342707, 'reg_lambda': 0.0048879464985534336, 'scale_pos_weight': 0.13267482411031659, 'subsample': 0.5689543694097536}"
6,-4403.513863160569,-646.47500382579,-1248.1742987579614,-1026.488030349334,-5383.709032003824,-2541.6720456194957,1954.7030482408754,1,0.11225996017456055,0.007110797679101078,0.0027496337890625,0.00031347197894358083,0.6209085649172932,0.7776107350396038,1.3277909848852635e-06,0.5605967693796124,12,30,3,71,0.004026635957416632,0.040887904512512056,109.72255122430063,0.6612742297240571,"{'colsample_bylevel': 0.6209085649172932, 'colsample_bytree': 0.7776107350396038, 'gamma': 1.3277909848852635e-06, 'learning_rate': 0.5605967693796124, 'max_delta_step': 12, 'max_depth': 30, 'min_child_weight': 3, 'n_estimators': 71, 'reg_alpha': 0.004026635957416632, 'reg_lambda': 0.040887904512512056, 'scale_pos_weight': 109.72255122430063, 'subsample': 0.6612742297240571}"
7,-333.98142285950576,-482.331906170809,-372.37374149666044,-1380.3011696683263,-369.9884697055989,-587.7953419801801,399.3634505852292,1,0.004938364028930664,6.870146262601142e-05,0.0003109455108642578,1.0556748234269194e-05,0.5479690370134094,0.9208091341729433,2.083286323303108e-05,0.4734922490673386,6,3,3,51,2.9618722230360503e-06,8.153638964242,0.0015718563651880596,0.577028860872224,"{'colsample_bylevel': 0.5479690370134094, 'colsample_bytree': 0.9208091341729433, 'gamma': 2.083286323303108e-05, 'learning_rate': 0.4734922490673386, 'max_delta_step': 6, 'max_depth': 3, 'min_child_weight': 3, 'n_estimators': 51, 'reg_alpha': 2.9618722230360503e-06, 'reg_lambda': 8.153638964242, 'scale_pos_weight': 0.0015718563651880596, 'subsample': 0.577028860872224}"
8,-472.16134365974295,-807.1422347251739,-978.4302165626457,-1027.93831797215,-749.9213999235932,-807.1187025686612,196.762243148795,1,0.07514400482177734,0.0006158455258195075,0.0016275405883789062,6.436923687047607e-05,0.955923206446829,0.7036152301751524,0.03823613443879595,0.06786442521779147,8,11,0,69,0.00022356829889037284,1.2908532337409298e-07,4.73588486119117,0.4499578015509351,"{'colsample_bylevel': 0.955923206446829, 'colsample_bytree': 0.7036152301751524, 'gamma': 0.03823613443879595, 'learning_rate': 0.06786442521779147, 'max_delta_step': 8, 'max_depth': 11, 'min_child_weight': 0, 'n_estimators': 69, 'reg_alpha': 0.00022356829889037284, 'reg_lambda': 1.2908532337409298e-07, 'scale_pos_weight': 4.73588486119117, 'subsample': 0.4499578015509351}"
9,-676.8082724904812,-9718.71369548831,-7461.323052776549,-2012.3020099798514,-1677.71695322048,-4309.3727967911345,3594.2573941317423,1,0.008495235443115234,0.00023074566415025248,0.000485992431640625,1.7810107233361494e-05,0.013594004182195795,0.819651719467114,0.002807995180059625,0.03229300915669146,12,14,2,58,0.11080071157037095,5.745523087821567,3.573713830065675,0.029649078936835577,"{'colsample_bylevel': 0.013594004182195795, 'colsample_bytree': 0.819651719467114, 'gamma': 0.002807995180059625, 'learning_rate': 0.03229300915669146, 'max_delta_step': 12, 'max_depth': 14, 'min_child_weight': 2, 'n_estimators': 58, 'reg_alpha': 0.11080071157037095, 'reg_lambda': 5.745523087821567, 'scale_pos_weight': 3.573713830065675, 'subsample': 0.029649078936835577}"
10,-212.44698181000334,-416.3081066526327,-270.40924119247586,-873.8991244674468,-265.5007812542147,-407.7128470753547,242.73806199575745,1,0.12584705352783204,0.0017962567863489157,0.0026725292205810546,0.00012681094920448754,0.8010835879946278,0.932586356751544,2.380415966491347e-06,0.5262117163798433,16,17,2,93,3.263527780711478e-09,1.7875535429147918e-07,31.993586529155984,0.9630282127903043,"{'colsample_bylevel': 0.8010835879946278, 'colsample_bytree': 0.932586356751544, 'gamma': 2.380415966491347e-06, 'learning_rate': 0.5262117163798433, 'max_delta_step': 16, 'max_depth': 17, 'min_child_weight': 2, 'n_estimators': 93, 'reg_alpha': 3.263527780711478e-09, 'reg_lambda': 1.7875535429147918e-07, 'scale_pos_weight': 31.993586529155984, 'subsample': 0.9630282127903043}"
11,-1643.809138354955,-839.9200068810717,-1986.6090163787335,-1072.7913193619838,-1415.3314949876126,-1391.6921951928714,406.00446057997175,1,0.013140535354614258,0.00017838302826600396,0.0007111072540283203,8.028451029859539e-05,0.8218267250825547,0.9286165130687304,5.785450930540642e-06,0.6444707506136349,1,1,3,70,1.724456650414738e-06,243.65123320944272,7.030791414657778,0.920035417056498,"{'colsample_bylevel': 0.8218267250825547, 'colsample_bytree': 0.9286165130687304, 'gamma': 5.785450930540642e-06, 'learning_rate': 0.6444707506136349, 'max_delta_step': 1, 'max_depth': 1, 'min_child_weight': 3, 'n_estimators': 70, 'reg_alpha': 1.724456650414738e-06, 'reg_lambda': 243.65123320944272, 'scale_pos_weight': 7.030791414657778, 'subsample': 0.920035417056498}"
12,-333.98142285950576,-482.331906170809,-372.37374149666044,-1380.3011696683263,-369.9884697055989,-587.7953419801801,399.3634505852292,1,0.00604543685913086,0.0001238591838480932,0.00033893585205078123,3.0341834435686793e-05,0.33910692187788616,0.9282482113984762,4.021440179299997e-06,0.04512394137295985,7,38,2,67,6.890664012119513e-05,0.0011147201310947304,0.0007167872546855503,0.7397097867641532,"{'colsample_bylevel': 0.33910692187788616, 'colsample_bytree': 0.9282482113984762, 'gamma': 4.021440179299997e-06, 'learning_rate': 0.04512394137295985, 'max_delta_step': 7, 'max_depth': 38, 'min_child_weight': 2, 'n_estimators': 67, 'reg_alpha': 6.890664012119513e-05, 'reg_lambda': 0.0011147201310947304, 'scale_pos_weight': 0.0007167872546855503, 'subsample': 0.7397097867641532}"
13,-333.98142285950576,-482.331906170809,-372.37374149666044,-1380.3011696683263,-369.9884697055989,-587.7953419801801,399.3634505852292,1,0.008173608779907226,0.0003237824937045877,0.0003506183624267578,2.6191602112752815e-05,0.2811423512095946,0.9287921677679076,2.394964239694356e-08,0.07841978114383595,15,1,2,96,1.5173473360765244e-09,0.0010009026925093996,0.08786910873315582,0.5783469096697587,"{'colsample_bylevel': 0.2811423512095946, 'colsample_bytree': 0.9287921677679076, 'gamma': 2.394964239694356e-08, 'learning_rate': 0.07841978114383595, 'max_delta_step': 15, 'max_depth': 1, 'min_child_weight': 2, 'n_estimators': 96, 'reg_alpha': 1.5173473360765244e-09, 'reg_lambda': 0.0010009026925093996, 'scale_pos_weight': 0.08786910873315582, 'subsample': 0.5783469096697587}"
14,-333.98142285950576,-482.331906170809,-372.37374149666044,-1380.3011696683263,-369.9884697055989,-587.7953419801801,399.3634505852292,1,0.009275388717651368,8.727440968569992e-05,0.0003448963165283203,1.1242238710856258e-05,0.7343946236140587,0.9292616526977832,0.0002871611874731361,0.019607232024316308,19,22,1,99,2.8920841501560427e-05,385.49380219142824,3.374498365573467e-05,0.8848563538084725,"{'colsample_bylevel': 0.7343946236140587, 'colsample_bytree': 0.9292616526977832, 'gamma': 0.0002871611874731361, 'learning_rate': 0.019607232024316308, 'max_delta_step': 19, 'max_depth': 22, 'min_child_weight': 1, 'n_estimators': 99, 'reg_alpha': 2.8920841501560427e-05, 'reg_lambda': 385.49380219142824, 'scale_pos_weight': 3.374498365573467e-05, 'subsample': 0.8848563538084725}"
15,-333.98142285950576,-482.331906170809,-372.37374149666044,-1380.3011696683263,-369.9884697055989,-587.7953419801801,399.3634505852292,1,0.006302976608276367,0.0001051723347334281,0.00032682418823242186,1.1710600266716946e-05,0.6371514348788436,0.9296776507133426,0.00039812413129211214,0.05582566314096682,12,22,2,66,2.1028125735994234e-06,2.485903691201917e-07,0.546888466437616,0.4490752474741271,"{'colsample_bylevel': 0.6371514348788436, 'colsample_bytree': 0.9296776507133426, 'gamma': 0.00039812413129211214, 'learning_rate': 0.05582566314096682, 'max_delta_step': 12, 'max_depth': 22, 'min_child_weight': 2, 'n_estimators': 66, 'reg_alpha': 2.1028125735994234e-06, 'reg_lambda': 2.485903691201917e-07, 'scale_pos_weight': 0.546888466437616, 'subsample': 0.4490752474741271}"
16,-333.98142285950576,-482.331906170809,-372.37374149666044,-1380.3011696683263,-369.9884697055989,-587.7953419801801,399.3634505852292,1,0.005615091323852539,9.463092603855517e-05,0.0003188133239746094,1.1338702352677803e-05,0.5718938519656536,0.9300603675293736,1.768544999519729e-06,0.02423983697157279,20,45,3,59,1.0238421709003144e-06,1.6108455323809914e-07,0.06623905844603332,0.6246135660101113,"{'colsample_bylevel': 0.5718938519656536, 'colsample_bytree': 0.9300603675293736, 'gamma': 1.768544999519729e-06, 'learning_rate': 0.02423983697157279, 'max_delta_step': 20, 'max_depth': 45, 'min_child_weight': 3, 'n_estimators': 59, 'reg_alpha': 1.0238421709003144e-06, 'reg_lambda': 1.6108455323809914e-07, 'scale_pos_weight': 0.06623905844603332, 'subsample': 0.6246135660101113}"
17,-282.8176277689639,-691.0961358537455,-421.13271154463007,-1025.3725663897678,-432.3823625046948,-570.5602808123605,262.9070852633142,1,0.17607378959655762,0.009037531785119351,0.0040050983428955075,0.00024028205281861445,0.6022231456814289,0.9304153123374851,1.1480750145564682e-05,0.11574052263049468,11,38,4,94,0.0004279894413561707,0.0354806398820738,43.15086338562921,0.5712946640533519,"{'colsample_bylevel': 0.6022231456814289, 'colsample_bytree': 0.9304153123374851, 'gamma': 1.1480750145564682e-05, 'learning_rate': 0.11574052263049468, 'max_delta_step': 11, 'max_depth': 38, 'min_child_weight': 4, 'n_estimators': 94, 'reg_alpha': 0.0004279894413561707, 'reg_lambda': 0.0354806398820738, 'scale_pos_weight': 43.15086338562921, 'subsample': 0.5712946640533519}"
18,-333.98142285950576,-482.331906170809,-372.37374149666044,-1380.3011696683263,-369.9884697055989,-587.7953419801801,399.3634505852292,1,0.007891559600830078,0.00010118464273042449,0.00033354759216308594,1.3307943334818249e-05,0.6377749168139999,0.93076691184815,4.4117478978251e-07,0.2642670299629743,12,43,5,85,1.3378695868842797e-08,0.016703139849332336,9.5436448742009e-05,0.40203182456675757,"{'colsample_bylevel': 0.6377749168139999, 'colsample_bytree': 0.93076691184815, 'gamma': 4.4117478978251e-07, 'learning_rate': 0.2642670299629743, 'max_delta_step': 12, 'max_depth': 43, 'min_child_weight': 5, 'n_estimators': 85, 'reg_alpha': 1.3378695868842797e-08, 'reg_lambda': 0.016703139849332336, 'scale_pos_weight': 9.5436448742009e-05, 'subsample': 0.40203182456675757}"
19,-305.24908442696005,-508.9991469621651,-340.691537470209,-890.2219715499564,-348.400422571073,-478.71243259607274,217.42948572963616,1,0.19521608352661132,0.0029888393380441214,0.004596900939941406,0.00022317820049213807,0.6482603944837628,0.9310903295836614,8.783885874026137e-06,0.1293109605476682,4,49,4,79,1.3585413064455788e-08,1.8195289139217837e-08,2.461048639333282,0.7845039476851352,"{'colsample_bylevel': 0.6482603944837628, 'colsample_bytree': 0.9310903295836614, 'gamma': 8.783885874026137e-06, 'learning_rate': 0.1293109605476682, 'max_delta_step': 4, 'max_depth': 49, 'min_child_weight': 4, 'n_estimators': 79, 'reg_alpha': 1.3585413064455788e-08, 'reg_lambda': 1.8195289139217837e-08, 'scale_pos_weight': 2.461048639333282, 'subsample': 0.7845039476851352}"
20,-333.98142285950576,-482.331906170809,-372.37374149666044,-1380.3011696683263,-369.9884697055989,-587.7953419801801,399.3634505852292,1,0.007723569869995117,0.0001983235620054952,0.00038509368896484376,3.296162508611209e-05,0.3124855142200954,0.9314908230574156,0.0005989761955780976,0.03711513246121513,5,39,2,86,6.006914852839828e-08,1.0040946313176155e-06,0.1517943483540087,0.48547714635454403,"{'colsample_bylevel': 0.3124855142200954, 'colsample_bytree': 0.9314908230574156, 'gamma': 0.0005989761955780976, 'learning_rate': 0.03711513246121513, 'max_delta_step': 5, 'max_depth': 39, 'min_child_weight': 2, 'n_estimators': 86, 'reg_alpha': 6.006914852839828e-08, 'reg_lambda': 1.0040946313176155e-06, 'scale_pos_weight': 0.1517943483540087, 'subsample': 0.48547714635454403}"
21,-333.98142285950576,-482.331906170809,-372.37374149666044,-1380.3011696683263,-369.9884697055989,-587.7953419801801,399.3634505852292,1,0.005918025970458984,0.0001409984981265822,0.000362396240234375,4.8090629049777364e-05,0.6795123601474518,0.9317965815809087,3.5667551943499578e-06,0.07807207859683703,14,50,1,58,1.6562023872366765e-06,2.469412706323902e-05,0.0007974053642518144,0.8609428167920063,"{'colsample_bylevel': 0.6795123601474518, 'colsample_bytree': 0.9317965815809087, 'gamma': 3.5667551943499578e-06, 'learning_rate': 0.07807207859683703, 'max_delta_step': 14, 'max_depth': 50, 'min_child_weight': 1, 'n_estimators': 58, 'reg_alpha': 1.6562023872366765e-06, 'reg_lambda': 2.469412706323902e-05, 'scale_pos_weight': 0.0007974053642518144, 'subsample': 0.8609428167920063}"
22,-333.98142285950576,-482.331906170809,-372.37374149666044,-1380.3011696683263,-369.9884697055989,-587.7953419801801,399.3634505852292,1,0.00922250747680664,0.0002030473740632121,0.00038285255432128905,1.4490986309387036e-05,0.6366884130837286,0.9320897822890443,0.029525957544049426,0.08443267142882348,6,11,5,96,0.00011127704832104133,1.4555337619276382e-08,3.243705653815207e-05,0.6529783573431129,"{'colsample_bylevel': 0.6366884130837286, 'colsample_bytree': 0.9320897822890443, 'gamma': 0.029525957544049426, 'learning_rate': 0.08443267142882348, 'max_delta_step': 6, 'max_depth': 11, 'min_child_weight': 5, 'n_estimators': 96, 'reg_alpha': 0.00011127704832104133, 'reg_lambda': 1.4555337619276382e-08, 'scale_pos_weight': 3.243705653815207e-05, 'subsample': 0.6529783573431129}"
23,-333.98142285950576,-482.331906170809,-372.37374149666044,-1380.3011696683263,-369.9884697055989,-587.7953419801801,399.3634505852292,1,0.008489322662353516,0.00011385183912195934,0.000458526611328125,5.3471796899353035e-05,0.5456949676592032,0.9323862319964896,2.5911765058076756e-08,0.11584724910443905,12,18,4,87,2.1088854857694083e-06,0.0017446452898964237,0.00028672923912336076,0.6150634212161755,"{'colsample_bylevel': 0.5456949676592032, 'colsample_bytree': 0.9323862319964896, 'gamma': 2.5911765058076756e-08, 'learning_rate': 0.11584724910443905, 'max_delta_step': 12, 'max_depth': 18, 'min_child_weight': 4, 'n_estimators': 87, 'reg_alpha': 2.1088854857694083e-06, 'reg_lambda': 0.0017446452898964237, 'scale_pos_weight': 0.00028672923912336076, 'subsample': 0.6150634212161755}"
24,-268.4824753784706,-601.8664207108911,-306.6574143779777,-891.2327213985825,-213.85702554243414,-456.4192114816712,255.65715549356537,1,0.15381555557250975,0.0022181569046088034,0.0035772800445556642,6.150171652413743e-05,0.5728205523891498,0.9326769709753219,7.040277493300022e-07,0.699242702236083,5,40,4,74,4.7530048735307735e-05,1.4218306448699776e-08,105.10816894226687,0.644586949081118,"{'colsample_bylevel': 0.5728205523891498, 'colsample_bytree': 0.9326769709753219, 'gamma': 7.040277493300022e-07, 'learning_rate': 0.699242702236083, 'max_delta_step': 5, 'max_depth': 40, 'min_child_weight': 4, 'n_estimators': 74, 'reg_alpha': 4.7530048735307735e-05, 'reg_lambda': 1.4218306448699776e-08, 'scale_pos_weight': 105.10816894226687, 'subsample': 0.644586949081118}"
25,-333.98142285950576,-482.331906170809,-372.37374149666044,-1380.3011696683263,-369.9884697055989,-587.7953419801801,399.3634505852292,1,0.007326078414916992,0.00020574467456196136,0.00037689208984375,3.476054579001741e-05,0.06896518682199072,0.9331008331900483,6.204838188904252e-07,0.013869874494655567,11,23,3,88,6.404006025773574e-06,2.3199117439007791e-07,6.97727124466908e-06,0.29165774217726076,"{'colsample_bylevel': 0.06896518682199072, 'colsample_bytree': 0.9331008331900483, 'gamma': 6.204838188904252e-07, 'learning_rate': 0.013869874494655567, 'max_delta_step': 11, 'max_depth': 23, 'min_child_weight': 3, 'n_estimators': 88, 'reg_alpha': 6.404006025773574e-06, 'reg_lambda': 2.3199117439007791e-07, 'scale_pos_weight': 6.97727124466908e-06, 'subsample': 0.29165774217726076}"
26,-333.98142285950576,-482.331906170809,-372.37374149666044,-1380.3011696683263,-369.9884697055989,-587.7953419801801,399.3634505852292,1,0.009389829635620118,0.00028593373896543777,0.0003604888916015625,3.8021895873767444e-05,0.7866281044603153,0.9333903007852433,3.5422393487290454e-05,0.6109347168074821,11,35,4,95,1.3798478339007492e-05,3.1521152865941346e-05,1.8261013790834333e-05,0.5192803738986854,"{'colsample_bylevel': 0.7866281044603153, 'colsample_bytree': 0.9333903007852433, 'gamma': 3.5422393487290454e-05, 'learning_rate': 0.6109347168074821, 'max_delta_step': 11, 'max_depth': 35, 'min_child_weight': 4, 'n_estimators': 95, 'reg_alpha': 1.3798478339007492e-05, 'reg_lambda': 3.1521152865941346e-05, 'scale_pos_weight': 1.8261013790834333e-05, 'subsample': 0.5192803738986854}"
27,-333.98142285950576,-482.331906170809,-372.37374149666044,-1380.3011696683263,-369.9884697055989,-587.7953419801801,399.3634505852292,1,0.005664682388305664,8.320194921311962e-05,0.0003192901611328125,1.0358896292012915e-05,0.8671638689254936,0.13811726161316537,0.49672762218724004,0.08795271068719307,9,37,0,69,0.01478199961646082,3.7511440528779586e-06,0.0057118767333425285,0.4965482823288194,"{'colsample_bylevel': 0.8671638689254936, 'colsample_bytree': 0.13811726161316537, 'gamma': 0.49672762218724004, 'learning_rate': 0.08795271068719307, 'max_delta_step': 9, 'max_depth': 37, 'min_child_weight': 0, 'n_estimators': 69, 'reg_alpha': 0.01478199961646082, 'reg_lambda': 3.7511440528779586e-06, 'scale_pos_weight': 0.0057118767333425285, 'subsample': 0.4965482823288194}"
28,-333.98142285950576,-482.331906170809,-372.37374149666044,-1380.3011696683263,-369.9884697055989,-587.7953419801801,399.3634505852292,1,0.007516717910766602,0.00010181378942942901,0.0003308773040771484,1.3671512577668737e-05,0.5249664480196669,0.848617939999027,0.00023870689658786026,0.3359416204887208,17,39,5,84,0.0012493692150428793,0.0003497926755324205,3.0629241094372397e-06,0.33467332116577675,"{'colsample_bylevel': 0.5249664480196669, 'colsample_bytree': 0.848617939999027, 'gamma': 0.00023870689658786026, 'learning_rate': 0.3359416204887208, 'max_delta_step': 17, 'max_depth': 39, 'min_child_weight': 5, 'n_estimators': 84, 'reg_alpha': 0.0012493692150428793, 'reg_lambda': 0.0003497926755324205, 'scale_pos_weight': 3.0629241094372397e-06, 'subsample': 0.33467332116577675}"
29,-333.98142285950576,-482.331906170809,-372.37374149666044,-1380.3011696683263,-369.9884697055989,-587.7953419801801,399.3634505852292,1,0.005822515487670899,0.00011328717636435507,0.0003202915191650391,1.0106923242492071e-05,0.38310320569759215,0.4564195579913766,0.007916246251576152,0.010605249729063262,2,47,4,69,1.8822948529113182e-08,218.76242560152946,8.709313292047724e-05,0.5855296431339956,"{'colsample_bylevel': 0.38310320569759215, 'colsample_bytree': 0.4564195579913766, 'gamma': 0.007916246251576152, 'learning_rate': 0.010605249729063262, 'max_delta_step': 2, 'max_depth': 47, 'min_child_weight': 4, 'n_estimators': 69, 'reg_alpha': 1.8822948529113182e-08, 'reg_lambda': 218.76242560152946, 'scale_pos_weight': 8.709313292047724e-05, 'subsample': 0.5855296431339956}"
30,-15291.974667468961,-15884.55464767239,-16467.23722665457,-2771.836806634243,-11648.69278956105,-12412.859227598245,5105.15855643389,1,0.00926666259765625,6.773159220623933e-05,0.00043611526489257814,6.35357555540118e-06,0.6076646538309123,0.34449148449642036,2.7780937659182285e-06,0.016634374132903248,4,2,4,51,2.2025555911421313e-08,4.3047405126868424e-07,1.6311477364468794,0.45469577478389556,"{'colsample_bylevel': 0.6076646538309123, 'colsample_bytree': 0.34449148449642036, 'gamma': 2.7780937659182285e-06, 'learning_rate': 0.016634374132903248, 'max_delta_step': 4, 'max_depth': 2, 'min_child_weight': 4, 'n_estimators': 51, 'reg_alpha': 2.2025555911421313e-08, 'reg_lambda': 4.3047405126868424e-07, 'scale_pos_weight': 1.6311477364468794, 'subsample': 0.45469577478389556}"
31,-417.3322655338805,-540.964711063568,-613.9430410906882,-1152.5416544060674,-412.8213875273559,-627.520611924312,273.3489591592347,1,0.03523898124694824,0.0015146044755014122,0.001128816604614258,7.215865027888576e-05,0.21843075165502224,0.995433467833936,0.001904265715070194,0.18545041031765935,1,46,2,55,4.694403138080251e-09,0.0016007880903166326,1.0661184972966367,0.8453944287196759,"{'colsample_bylevel': 0.21843075165502224, 'colsample_bytree': 0.995433467833936, 'gamma': 0.001904265715070194, 'learning_rate': 0.18545041031765935, 'max_delta_step': 1, 'max_depth': 46, 'min_child_weight': 2, 'n_estimators': 55, 'reg_alpha': 4.694403138080251e-09, 'reg_lambda': 0.0016007880903166326, 'scale_pos_weight': 1.0661184972966367, 'subsample': 0.8453944287196759}"
32,-333.98142285950576,-482.331906170809,-372.37374149666044,-1380.3011696683263,-369.9884697055989,-587.7953419801801,399.3634505852292,1,0.0068264961242675785,0.0002135131012308903,0.0005790233612060547,7.220857674530147e-05,0.44020301731726164,0.9820062364661682,0.00036525429024859683,0.21541959550197629,11,31,1,68,2.6686283290877157e-09,0.00048574352239858567,1.132438300970745e-06,0.16207336153117527,"{'colsample_bylevel': 0.44020301731726164, 'colsample_bytree': 0.9820062364661682, 'gamma': 0.00036525429024859683, 'learning_rate': 0.21541959550197629, 'max_delta_step': 11, 'max_depth': 31, 'min_child_weight': 1, 'n_estimators': 68, 'reg_alpha': 2.6686283290877157e-09, 'reg_lambda': 0.00048574352239858567, 'scale_pos_weight': 1.132438300970745e-06, 'subsample': 0.16207336153117527}"
33,-6945.75051310716,-8992.909100950268,-9216.995176657038,-3800.157867403167,-12209.127273077102,-8232.987986238946,2780.733610197452,1,0.01938338279724121,0.00027877318672116344,0.0008695125579833984,2.8022856079962487e-05,0.8420891228206022,0.07781585305924892,1.0569802857135306e-05,0.6700193806262029,14,41,1,86,2.445090025421217e-05,0.7190118060822379,3.466939681051144,0.9547195388077021,"{'colsample_bylevel': 0.8420891228206022, 'colsample_bytree': 0.07781585305924892, 'gamma': 1.0569802857135306e-05, 'learning_rate': 0.6700193806262029, 'max_delta_step': 14, 'max_depth': 41, 'min_child_weight': 1, 'n_estimators': 86, 'reg_alpha': 2.445090025421217e-05, 'reg_lambda': 0.7190118060822379, 'scale_pos_weight': 3.466939681051144, 'subsample': 0.9547195388077021}"
34,-333.98142285950576,-482.331906170809,-372.37374149666044,-1380.3011696683263,-369.9884697055989,-587.7953419801801,399.3634505852292,1,0.006089258193969727,9.627074161857918e-05,0.00032534599304199217,1.0062958814155895e-05,0.850856489409662,0.1142992646323055,6.76838410925394e-06,0.3623441981922778,12,19,2,75,3.2593276950127724e-09,5.230786347061431,0.00027353627772641663,0.06092443193781866,"{'colsample_bylevel': 0.850856489409662, 'colsample_bytree': 0.1142992646323055, 'gamma': 6.76838410925394e-06, 'learning_rate': 0.3623441981922778, 'max_delta_step': 12, 'max_depth': 19, 'min_child_weight': 2, 'n_estimators': 75, 'reg_alpha': 3.2593276950127724e-09, 'reg_lambda': 5.230786347061431, 'scale_pos_weight': 0.00027353627772641663, 'subsample': 0.06092443193781866}"
35,-333.98142285950576,-482.331906170809,-372.37374149666044,-1380.3011696683263,-369.9884697055989,-587.7953419801801,399.3634505852292,1,0.0069519996643066405,0.00011070485033716882,0.00032668113708496095,1.1273342102155869e-05,0.5232148121521866,0.9314364692842034,1.090964737507593e-07,0.10961637327650825,11,18,4,77,2.1039983751803475e-06,6.866350470678487e-07,0.0029071660228299516,0.7317812134705729,"{'colsample_bylevel': 0.5232148121521866, 'colsample_bytree': 0.9314364692842034, 'gamma': 1.090964737507593e-07, 'learning_rate': 0.10961637327650825, 'max_delta_step': 11, 'max_depth': 18, 'min_child_weight': 4, 'n_estimators': 77, 'reg_alpha': 2.1039983751803475e-06, 'reg_lambda': 6.866350470678487e-07, 'scale_pos_weight': 0.0029071660228299516, 'subsample': 0.7317812134705729}"
36,-333.98142285950576,-482.331906170809,-372.37374149666044,-1380.3011696683263,-369.9884697055989,-587.7953419801801,399.3634505852292,1,0.008093500137329101,0.00010876807136934687,0.000331878662109375,1.1307175496193971e-05,0.6930492589432172,0.9314616773191837,3.0990521719876632e-09,0.06825272009889778,19,35,4,86,2.555722664155499e-06,3.1300505855736536e-08,2.3865679299707714e-05,0.4536970753921663,"{'colsample_bylevel': 0.6930492589432172, 'colsample_bytree': 0.9314616773191837, 'gamma': 3.0990521719876632e-09, 'learning_rate': 0.06825272009889778, 'max_delta_step': 19, 'max_depth': 35, 'min_child_weight': 4, 'n_estimators': 86, 'reg_alpha': 2.555722664155499e-06, 'reg_lambda': 3.1300505855736536e-08, 'scale_pos_weight': 2.3865679299707714e-05, 'subsample': 0.4536970753921663}"
37,-333.98142285950576,-482.331906170809,-372.37374149666044,-1380.3011696683263,-369.9884697055989,-587.7953419801801,399.3634505852292,1,0.00723109245300293,8.448911280727711e-05,0.00032863616943359377,8.958449223188306e-06,0.5861592911577208,0.9314895856714236,9.191217093891126e-06,0.1048238612008052,10,25,3,79,4.123225499678045e-07,0.0015644466232845827,0.09400616391795874,0.45581512630080345,"{'colsample_bylevel': 0.5861592911577208, 'colsample_bytree': 0.9314895856714236, 'gamma': 9.191217093891126e-06, 'learning_rate': 0.1048238612008052, 'max_delta_step': 10, 'max_depth': 25, 'min_child_weight': 3, 'n_estimators': 79, 'reg_alpha': 4.123225499678045e-07, 'reg_lambda': 0.0015644466232845827, 'scale_pos_weight': 0.09400616391795874, 'subsample': 0.45581512630080345}"
38,-9717.686747830314,-12963.104571752852,-13877.210537558822,-3483.0891159587127,-11732.06166015925,-10354.63052665199,3707.66239134613,1,0.013341808319091797,0.00015947551963161106,0.0007450103759765625,7.608375802642641e-05,0.03065709686529125,0.034641842820524696,2.620557777553065e-06,0.21724043673088195,14,16,1,72,1.0470637738531882e-06,2.2000791925090947e-08,1.520021166375518,0.30819130686443624,"{'colsample_bylevel': 0.03065709686529125, 'colsample_bytree': 0.034641842820524696, 'gamma': 2.620557777553065e-06, 'learning_rate': 0.21724043673088195, 'max_delta_step': 14, 'max_depth': 16, 'min_child_weight': 1, 'n_estimators': 72, 'reg_alpha': 1.0470637738531882e-06, 'reg_lambda': 2.2000791925090947e-08, 'scale_pos_weight': 1.520021166375518, 'subsample': 0.30819130686443624}"
39,-333.98142285950576,-482.331906170809,-372.37374149666044,-1380.3011696683263,-369.9884697055989,-587.7953419801801,399.3634505852292,1,0.0075129508972167965,9.985675987205746e-05,0.00037555694580078126,2.3436631215156187e-05,0.5003543506495475,0.9326590142180391,5.835033483998165e-06,0.10798075027942503,11,29,3,80,2.3474854590000527e-07,5.1308780230371594e-05,0.04077199612677939,0.5983479439945626,"{'colsample_bylevel': 0.5003543506495475, 'colsample_bytree': 0.9326590142180391, 'gamma': 5.835033483998165e-06, 'learning_rate': 0.10798075027942503, 'max_delta_step': 11, 'max_depth': 29, 'min_child_weight': 3, 'n_estimators': 80, 'reg_alpha': 2.3474854590000527e-07, 'reg_lambda': 5.1308780230371594e-05, 'scale_pos_weight': 0.04077199612677939, 'subsample': 0.5983479439945626}"
40,-333.98142285950576,-482.331906170809,-372.37374149666044,-1380.3011696683263,-369.9884697055989,-587.7953419801801,399.3634505852292,1,0.0070877552032470705,0.00010088069065620495,0.0003283500671386719,1.077103264121666e-05,0.530575182939943,0.9327315835932273,3.728622215650272e-07,0.10343374514290389,11,31,3,79,5.154293258281354e-06,1.6396649429355487e-05,0.04448491633939542,0.5570560708809045,"{'colsample_bylevel': 0.530575182939943, 'colsample_bytree': 0.9327315835932273, 'gamma': 3.728622215650272e-07, 'learning_rate': 0.10343374514290389, 'max_delta_step': 11, 'max_depth': 31, 'min_child_weight': 3, 'n_estimators': 79, 'reg_alpha': 5.154293258281354e-06, 'reg_lambda': 1.6396649429355487e-05, 'scale_pos_weight': 0.04448491633939542, 'subsample': 0.5570560708809045}"
41,-333.98142285950576,-482.331906170809,-372.37374149666044,-1380.3011696683263,-369.9884697055989,-587.7953419801801,399.3634505852292,1,0.004880046844482422,8.981333887169739e-05,0.0003209114074707031,1.3334399656400264e-05,0.5343033913711966,0.9327992056759891,2.2334213271155875e-08,0.09097200182921412,11,21,2,51,1.0332086249376959e-09,0.00016368625494208965,5.621219527641063e-05,0.5887109273739182,"{'colsample_bylevel': 0.5343033913711966, 'colsample_bytree': 0.9327992056759891, 'gamma': 2.2334213271155875e-08, 'learning_rate': 0.09097200182921412, 'max_delta_step': 11, 'max_depth': 21, 'min_child_weight': 2, 'n_estimators': 51, 'reg_alpha': 1.0332086249376959e-09, 'reg_lambda': 0.00016368625494208965, 'scale_pos_weight': 5.621219527641063e-05, 'subsample': 0.5887109273739182}"
42,-333.98142285950576,-482.331906170809,-372.37374149666044,-1380.3011696683263,-369.9884697055989,-587.7953419801801,399.3634505852292,1,0.005996799468994141,9.640399746495101e-05,0.00031843185424804685,1.0207656954885168e-05,0.707341297334106,0.9328673444383307,1.9848918651394763e-07,0.35502833621233937,4,21,2,61,7.073138628604281e-07,1.3547920258497506e-05,0.9189470527933887,0.35687037447219616,"{'colsample_bylevel': 0.707341297334106, 'colsample_bytree': 0.9328673444383307, 'gamma': 1.9848918651394763e-07, 'learning_rate': 0.35502833621233937, 'max_delta_step': 4, 'max_depth': 21, 'min_child_weight': 2, 'n_estimators': 61, 'reg_alpha': 7.073138628604281e-07, 'reg_lambda': 1.3547920258497506e-05, 'scale_pos_weight': 0.9189470527933887, 'subsample': 0.35687037447219616}"
43,-333.98142285950576,-482.331906170809,-372.37374149666044,-1380.3011696683263,-369.9884697055989,-587.7953419801801,399.3634505852292,1,0.005574989318847656,9.122449426298211e-05,0.00031890869140625,9.335054089311593e-06,0.38466999110835587,0.9329312950177193,1.9028501767975634e-08,0.05114182129578911,8,29,4,61,8.684257758938455e-09,2.487595088788007e-08,0.0005527957690953593,0.4272435785596289,"{'colsample_bylevel': 0.38466999110835587, 'colsample_bytree': 0.9329312950177193, 'gamma': 1.9028501767975634e-08, 'learning_rate': 0.05114182129578911, 'max_delta_step': 8, 'max_depth': 29, 'min_child_weight': 4, 'n_estimators': 61, 'reg_alpha': 8.684257758938455e-09, 'reg_lambda': 2.487595088788007e-08, 'scale_pos_weight': 0.0005527957690953593, 'subsample': 0.4272435785596289}"
44,-385.13552007281464,-473.46723639138213,-616.5657843248732,-873.1649583896472,-389.18831672015364,-547.5043631797741,183.15753387977634,1,0.21957778930664062,0.005827676301315423,0.004505729675292969,0.0002142830852887064,0.8681650937766595,0.9330009424943524,0.0008037896291039486,0.15874896230516472,10,43,3,96,5.5291360132733655e-05,0.015372286360980437,1.0440913068016198,0.3222697770262462,"{'colsample_bylevel': 0.8681650937766595, 'colsample_bytree': 0.9330009424943524, 'gamma': 0.0008037896291039486, 'learning_rate': 0.15874896230516472, 'max_delta_step': 10, 'max_depth': 43, 'min_child_weight': 3, 'n_estimators': 96, 'reg_alpha': 5.5291360132733655e-05, 'reg_lambda': 0.015372286360980437, 'scale_pos_weight': 1.0440913068016198, 'subsample': 0.3222697770262462}"
45,-333.98142285950576,-482.331906170809,-372.37374149666044,-1380.3011696683263,-369.9884697055989,-587.7953419801801,399.3634505852292,1,0.007756090164184571,9.592247614200884e-05,0.00033321380615234373,1.0570953908391183e-05,0.6021155359912653,0.9330629080132234,1.2755513611211712e-07,0.02547741767637243,14,32,0,85,1.7310415916931698e-08,2.5463771577721582e-05,0.10572119717367108,0.3097040542363323,"{'colsample_bylevel': 0.6021155359912653, 'colsample_bytree': 0.9330629080132234, 'gamma': 1.2755513611211712e-07, 'learning_rate': 0.02547741767637243, 'max_delta_step': 14, 'max_depth': 32, 'min_child_weight': 0, 'n_estimators': 85, 'reg_alpha': 1.7310415916931698e-08, 'reg_lambda': 2.5463771577721582e-05, 'scale_pos_weight': 0.10572119717367108, 'subsample': 0.3097040542363323}"
46,-333.98142285950576,-482.331906170809,-372.37374149666044,-1380.3011696683263,-369.9884697055989,-587.7953419801801,399.3634505852292,1,0.007242918014526367,0.00010761666400146242,0.0003253936767578125,1.1624855709338095e-05,0.5759668880608064,0.9331216144128994,2.068559787583683e-06,0.10259009417012811,11,29,3,79,1.0248116941626943e-06,4.1667257340210975e-05,0.013869562896923343,0.5765031012633802,"{'colsample_bylevel': 0.5759668880608064, 'colsample_bytree': 0.9331216144128994, 'gamma': 2.068559787583683e-06, 'learning_rate': 0.10259009417012811, 'max_delta_step': 11, 'max_depth': 29, 'min_child_weight': 3, 'n_estimators': 79, 'reg_alpha': 1.0248116941626943e-06, 'reg_lambda': 4.1667257340210975e-05, 'scale_pos_weight': 0.013869562896923343, 'subsample': 0.5765031012633802}"
47,-333.98142285950576,-482.331906170809,-372.37374149666044,-1380.3011696683263,-369.9884697055989,-587.7953419801801,399.3634505852292,1,0.007797145843505859,0.00017251317300314304,0.00033817291259765627,1.3750449212719345e-05,0.467780942485577,0.9331813351246292,2.8811853142678684e-05,0.02617770062294697,16,50,4,86,0.00016384487302730983,0.04129574077020503,1.8158995214684657e-05,0.2590859565319766,"{'colsample_bylevel': 0.467780942485577, 'colsample_bytree': 0.9331813351246292, 'gamma': 2.8811853142678684e-05, 'learning_rate': 0.02617770062294697, 'max_delta_step': 16, 'max_depth': 50, 'min_child_weight': 4, 'n_estimators': 86, 'reg_alpha': 0.00016384487302730983, 'reg_lambda': 0.04129574077020503, 'scale_pos_weight': 1.8158995214684657e-05, 'subsample': 0.2590859565319766}"
48,-333.98142285950576,-482.331906170809,-372.37374149666044,-1380.3011696683263,-369.9884697055989,-587.7953419801801,399.3634505852292,1,0.007268285751342774,0.00010136929956399057,0.0003283500671386719,8.981009833350154e-06,0.5678623239141033,0.9332390336811202,3.6340246434402814e-06,0.09573765973861856,11,30,3,79,1.1629963975361688e-06,5.4319258542268655e-05,0.011071430752555015,0.5660092886714982,"{'colsample_bylevel': 0.5678623239141033, 'colsample_bytree': 0.9332390336811202, 'gamma': 3.6340246434402814e-06, 'learning_rate': 0.09573765973861856, 'max_delta_step': 11, 'max_depth': 30, 'min_child_weight': 3, 'n_estimators': 79, 'reg_alpha': 1.1629963975361688e-06, 'reg_lambda': 5.4319258542268655e-05, 'scale_pos_weight': 0.011071430752555015, 'subsample': 0.5660092886714982}"
49,-333.98142285950576,-482.331906170809,-372.37374149666044,-1380.3011696683263,-369.9884697055989,-587.7953419801801,399.3634505852292,1,0.0075835704803466795,0.00010452640311110492,0.0003315448760986328,1.0834386631661387e-05,0.6045718751723177,0.9544362099757684,2.43372386536628e-06,0.10838547518457897,11,32,3,81,3.805589855003674e-07,2.506146117209461e-05,0.003586165127824695,0.5951470667209452,"{'colsample_bylevel': 0.6045718751723177, 'colsample_bytree': 0.9544362099757684, 'gamma': 2.43372386536628e-06, 'learning_rate': 0.10838547518457897, 'max_delta_step': 11, 'max_depth': 32, 'min_child_weight': 3, 'n_estimators': 81, 'reg_alpha': 3.805589855003674e-07, 'reg_lambda': 2.506146117209461e-05, 'scale_pos_weight': 0.003586165127824695, 'subsample': 0.5951470667209452}"
50,-333.98142285950576,-482.331906170809,-372.37374149666044,-1380.3011696683263,-369.9884697055989,-587.7953419801801,399.3634505852292,1,0.0075776100158691405,9.588131734182038e-05,0.0003337860107421875,1.1540050333820084e-05,0.6011321125147495,0.9553109509054974,2.476133927744957e-06,0.1077365363294303,11,32,3,81,3.693757159775965e-07,2.64599960260742e-05,0.0032959006875993083,0.6204913528701305,"{'colsample_bylevel': 0.6011321125147495, 'colsample_bytree': 0.9553109509054974, 'gamma': 2.476133927744957e-06, 'learning_rate': 0.1077365363294303, 'max_delta_step': 11, 'max_depth': 32, 'min_child_weight': 3, 'n_estimators': 81, 'reg_alpha': 3.693757159775965e-07, 'reg_lambda': 2.64599960260742e-05, 'scale_pos_weight': 0.0032959006875993083, 'subsample': 0.6204913528701305}"
51,-333.98142285950576,-482.331906170809,-372.37374149666044,-1380.3011696683263,-369.9884697055989,-587.7953419801801,399.3634505852292,1,0.007453250885009766,0.00011742761516685348,0.00039958953857421875,4.681899887308595e-05,0.7136279400906562,0.9346951949902529,7.439229369014519e-08,0.28578751204204517,7,38,2,75,6.441246926312878e-08,3.915283688300131e-07,0.00400640231250766,0.5432685296722176,"{'colsample_bylevel': 0.7136279400906562, 'colsample_bytree': 0.9346951949902529, 'gamma': 7.439229369014519e-08, 'learning_rate': 0.28578751204204517, 'max_delta_step': 7, 'max_depth': 38, 'min_child_weight': 2, 'n_estimators': 75, 'reg_alpha': 6.441246926312878e-08, 'reg_lambda': 3.915283688300131e-07, 'scale_pos_weight': 0.00400640231250766, 'subsample': 0.5432685296722176}"
52,-333.98142285950576,-482.331906170809,-372.37374149666044,-1380.3011696683263,-369.9884697055989,-587.7953419801801,399.3634505852292,1,0.007678794860839844,0.00020001232302109117,0.000363922119140625,6.590203499939666e-05,0.5686231077645416,0.9347550620016415,0.00011336231720723265,0.24771710367943564,3,33,5,83,1.4765345614984138e-05,0.020236832106496756,0.017354505909733853,0.17337683603014506,"{'colsample_bylevel': 0.5686231077645416, 'colsample_bytree': 0.9347550620016415, 'gamma': 0.00011336231720723265, 'learning_rate': 0.24771710367943564, 'max_delta_step': 3, 'max_depth': 33, 'min_child_weight': 5, 'n_estimators': 83, 'reg_alpha': 1.4765345614984138e-05, 'reg_lambda': 0.020236832106496756, 'scale_pos_weight': 0.017354505909733853, 'subsample': 0.17337683603014506}"
53,-333.98142285950576,-482.331906170809,-372.37374149666044,-1380.3011696683263,-369.9884697055989,-587.7953419801801,399.3634505852292,1,0.007583999633789062,9.397498681088408e-05,0.00033125877380371096,1.3218455833837254e-05,0.6088213984738721,0.9568716507632609,2.3418135527367884e-06,0.11379781348609712,11,32,3,81,3.499699204439433e-07,2.1907697286522456e-05,0.003295570412347264,0.584526105460421,"{'colsample_bylevel': 0.6088213984738721, 'colsample_bytree': 0.9568716507632609, 'gamma': 2.3418135527367884e-06, 'learning_rate': 0.11379781348609712, 'max_delta_step': 11, 'max_depth': 32, 'min_child_weight': 3, 'n_estimators': 81, 'reg_alpha': 3.499699204439433e-07, 'reg_lambda': 2.1907697286522456e-05, 'scale_pos_weight': 0.003295570412347264, 'subsample': 0.584526105460421}"
54,-333.98142285950576,-482.331906170809,-372.37374149666044,-1380.3011696683263,-369.9884697055989,-587.7953419801801,399.3634505852292,1,0.007783365249633789,0.0001167011966285826,0.00032796859741210935,1.0224349418020707e-05,0.8919561570798329,0.935487609257016,3.2507587923654653e-07,0.4769361043315873,19,10,3,77,1.363916842851709e-08,0.001245310521258377,0.004469371100982312,0.6575045758673477,"{'colsample_bylevel': 0.8919561570798329, 'colsample_bytree': 0.935487609257016, 'gamma': 3.2507587923654653e-07, 'learning_rate': 0.4769361043315873, 'max_delta_step': 19, 'max_depth': 10, 'min_child_weight': 3, 'n_estimators': 77, 'reg_alpha': 1.363916842851709e-08, 'reg_lambda': 0.001245310521258377, 'scale_pos_weight': 0.004469371100982312, 'subsample': 0.6575045758673477}"
55,-333.98142285950576,-482.331906170809,-372.37374149666044,-1380.3011696683263,-369.9884697055989,-587.7953419801801,399.3634505852292,1,0.008639383316040038,0.00011657077977250043,0.0003365993499755859,1.1991672414526577e-05,0.6941120032510576,0.9355470586246099,0.00012883828109347455,0.024129237256461784,3,21,3,92,1.356401638332008e-05,2.2618924026436915e-08,0.0161248107594172,0.2128248673937345,"{'colsample_bylevel': 0.6941120032510576, 'colsample_bytree': 0.9355470586246099, 'gamma': 0.00012883828109347455, 'learning_rate': 0.024129237256461784, 'max_delta_step': 3, 'max_depth': 21, 'min_child_weight': 3, 'n_estimators': 92, 'reg_alpha': 1.356401638332008e-05, 'reg_lambda': 2.2618924026436915e-08, 'scale_pos_weight': 0.0161248107594172, 'subsample': 0.2128248673937345}"
56,-333.98142285950576,-482.331906170809,-372.37374149666044,-1380.3011696683263,-369.9884697055989,-587.7953419801801,399.3634505852292,1,0.0054626941680908205,9.502437400857456e-05,0.00031723976135253904,1.0428026372112806e-05,0.2919789465261216,0.9356069524325076,9.419219518009755e-08,0.011417381574983797,10,39,2,61,9.00335692329998e-06,3.1120790659805033e-06,0.00019720982689682342,0.4621708469936748,"{'colsample_bylevel': 0.2919789465261216, 'colsample_bytree': 0.9356069524325076, 'gamma': 9.419219518009755e-08, 'learning_rate': 0.011417381574983797, 'max_delta_step': 10, 'max_depth': 39, 'min_child_weight': 2, 'n_estimators': 61, 'reg_alpha': 9.00335692329998e-06, 'reg_lambda': 3.1120790659805033e-06, 'scale_pos_weight': 0.00019720982689682342, 'subsample': 0.4621708469936748}"
57,-333.98142285950576,-482.331906170809,-372.37374149666044,-1380.3011696683263,-369.9884697055989,-587.7953419801801,399.3634505852292,1,0.007356405258178711,0.00010868258037838031,0.00033459663391113283,1.6134861742062838e-05,0.5579578516823869,0.9676765337336625,3.8209863519792475e-05,0.09518630245005089,11,32,3,80,1.0013927321188442e-06,0.0002322025141162672,0.0016788887398629362,0.6065260866510173,"{'colsample_bylevel': 0.5579578516823869, 'colsample_bytree': 0.9676765337336625, 'gamma': 3.8209863519792475e-05, 'learning_rate': 0.09518630245005089, 'max_delta_step': 11, 'max_depth': 32, 'min_child_weight': 3, 'n_estimators': 80, 'reg_alpha': 1.0013927321188442e-06, 'reg_lambda': 0.0002322025141162672, 'scale_pos_weight': 0.0016788887398629362, 'subsample': 0.6065260866510173}"
58,-333.98142285950576,-482.331906170809,-372.37374149666044,-1380.3011696683263,-369.9884697055989,-587.7953419801801,399.3634505852292,1,0.007861995697021484,9.910009274281626e-05,0.00032958984375,1.0739533072035017e-05,0.648148559448364,0.9678570614279475,1.5875331716519335e-06,0.11230257219244728,11,33,3,83,1.712133132986897e-07,8.431070021008857e-06,0.0016041290314556254,0.6090057635388441,"{'colsample_bylevel': 0.648148559448364, 'colsample_bytree': 0.9678570614279475, 'gamma': 1.5875331716519335e-06, 'learning_rate': 0.11230257219244728, 'max_delta_step': 11, 'max_depth': 33, 'min_child_weight': 3, 'n_estimators': 83, 'reg_alpha': 1.712133132986897e-07, 'reg_lambda': 8.431070021008857e-06, 'scale_pos_weight': 0.0016041290314556254, 'subsample': 0.6090057635388441}"
59,-333.98142285950576,-482.331906170809,-372.37374149666044,-1380.3011696683263,-369.9884697055989,-587.7953419801801,399.3634505852292,1,0.0075626373291015625,9.3278903900728e-05,0.00033168792724609376,1.0772088076399072e-05,0.6136010548808774,0.9608631446552389,2.312539598848632e-06,0.10673550272465847,11,32,3,81,3.1942719359920453e-07,1.4937135043093864e-05,0.002601093574482808,0.5780868686885691,"{'colsample_bylevel': 0.6136010548808774, 'colsample_bytree': 0.9608631446552389, 'gamma': 2.312539598848632e-06, 'learning_rate': 0.10673550272465847, 'max_delta_step': 11, 'max_depth': 32, 'min_child_weight': 3, 'n_estimators': 81, 'reg_alpha': 3.1942719359920453e-07, 'reg_lambda': 1.4937135043093864e-05, 'scale_pos_weight': 0.002601093574482808, 'subsample': 0.5780868686885691}"
60,-333.98142285950576,-482.331906170809,-372.37374149666044,-1380.3011696683263,-369.9884697055989,-587.7953419801801,399.3634505852292,1,0.007628822326660156,0.0002529070566866465,0.0003486156463623047,3.048716460125247e-05,0.44471865516360104,0.962563476305743,1.0290423543116894e-05,0.05705153511661661,11,28,2,84,2.9925615453907476e-07,0.0008417340884439912,0.003408334481285833,0.6103284092136204,"{'colsample_bylevel': 0.44471865516360104, 'colsample_bytree': 0.962563476305743, 'gamma': 1.0290423543116894e-05, 'learning_rate': 0.05705153511661661, 'max_delta_step': 11, 'max_depth': 28, 'min_child_weight': 2, 'n_estimators': 84, 'reg_alpha': 2.9925615453907476e-07, 'reg_lambda': 0.0008417340884439912, 'scale_pos_weight': 0.003408334481285833, 'subsample': 0.6103284092136204}"
61,-333.98142285950576,-482.331906170809,-372.37374149666044,-1380.3011696683263,-369.9884697055989,-587.7953419801801,399.3634505852292,1,0.007838153839111328,0.00029251418356971375,0.0003467082977294922,4.0472605428951636e-05,0.6046083903535023,0.9627385339436233,2.7222639498380757e-06,0.10087061936806514,11,33,3,83,3.1726507990678723e-07,7.841173165406703e-06,0.0017804626495339184,0.601205803021876,"{'colsample_bylevel': 0.6046083903535023, 'colsample_bytree': 0.9627385339436233, 'gamma': 2.7222639498380757e-06, 'learning_rate': 0.10087061936806514, 'max_delta_step': 11, 'max_depth': 33, 'min_child_weight': 3, 'n_estimators': 83, 'reg_alpha': 3.1726507990678723e-07, 'reg_lambda': 7.841173165406703e-06, 'scale_pos_weight': 0.0017804626495339184, 'subsample': 0.601205803021876}"
62,-217.0013782414023,-640.8604608772415,-1311.9854500745728,-1245.237352775916,-1485.309013110704,-980.0787310159674,476.04304089205175,1,0.060027122497558594,0.0006198435180329943,0.0015219688415527345,6.185307676606192e-05,0.3582951530030419,0.9392987505117595,0.0002949948625097386,0.017104727318967818,10,16,2,58,3.285372576309961e-05,1.985258269555107e-09,102.56084124223769,0.8792960594085238,"{'colsample_bylevel': 0.3582951530030419, 'colsample_bytree': 0.9392987505117595, 'gamma': 0.0002949948625097386, 'learning_rate': 0.017104727318967818, 'max_delta_step': 10, 'max_depth': 16, 'min_child_weight': 2, 'n_estimators': 58, 'reg_alpha': 3.285372576309961e-05, 'reg_lambda': 1.985258269555107e-09, 'scale_pos_weight': 102.56084124223769, 'subsample': 0.8792960594085238}"
63,-333.98142285950576,-482.331906170809,-372.37374149666044,-1380.3011696683263,-369.9884697055989,-587.7953419801801,399.3634505852292,1,0.007649993896484375,9.780517134585851e-05,0.00033130645751953123,1.0924254999455788e-05,0.6104425052763102,0.9639417151755789,2.3605374134956987e-06,0.10496752826963987,11,32,3,82,2.9220246569290776e-07,1.4328417478493269e-05,0.002340263624651943,0.5800002940059834,"{'colsample_bylevel': 0.6104425052763102, 'colsample_bytree': 0.9639417151755789, 'gamma': 2.3605374134956987e-06, 'learning_rate': 0.10496752826963987, 'max_delta_step': 11, 'max_depth': 32, 'min_child_weight': 3, 'n_estimators': 82, 'reg_alpha': 2.9220246569290776e-07, 'reg_lambda': 1.4328417478493269e-05, 'scale_pos_weight': 0.002340263624651943, 'subsample': 0.5800002940059834}"
64,-333.98142285950576,-482.331906170809,-372.37374149666044,-1380.3011696683263,-369.9884697055989,-587.7953419801801,399.3634505852292,1,0.007927799224853515,0.00029512759546593135,0.00038909912109375,7.19093517165711e-05,0.6098986302145083,0.9647812761612107,2.4080907377792394e-06,0.10591457653652325,11,32,3,81,2.8498556942397735e-07,1.4231092258841176e-05,0.0022692770103776854,0.5804712667160883,"{'colsample_bylevel': 0.6098986302145083, 'colsample_bytree': 0.9647812761612107, 'gamma': 2.4080907377792394e-06, 'learning_rate': 0.10591457653652325, 'max_delta_step': 11, 'max_depth': 32, 'min_child_weight': 3, 'n_estimators': 81, 'reg_alpha': 2.8498556942397735e-07, 'reg_lambda': 1.4231092258841176e-05, 'scale_pos_weight': 0.0022692770103776854, 'subsample': 0.5804712667160883}"
65,-333.98142285950576,-482.331906170809,-372.37374149666044,-1380.3011696683263,-369.9884697055989,-587.7953419801801,399.3634505852292,1,0.007752084732055664,0.00010385603068010249,0.00033550262451171876,1.4849784018357444e-05,0.6333735909102914,0.9736411430642053,1.0278023883554093e-05,0.3616733553805377,13,33,3,83,3.224971314405995e-06,0.0013121725693728342,0.001511580677398173,0.6602351701211031,"{'colsample_bylevel': 0.6333735909102914, 'colsample_bytree': 0.9736411430642053, 'gamma': 1.0278023883554093e-05, 'learning_rate': 0.3616733553805377, 'max_delta_step': 13, 'max_depth': 33, 'min_child_weight': 3, 'n_estimators': 83, 'reg_alpha': 3.224971314405995e-06, 'reg_lambda': 0.0013121725693728342, 'scale_pos_weight': 0.001511580677398173, 'subsample': 0.6602351701211031}"
66,-333.98142285950576,-482.331906170809,-372.37374149666044,-1380.3011696683263,-369.9884697055989,-587.7953419801801,399.3634505852292,1,0.007846498489379882,3.4671865604390175e-05,0.00037169456481933594,6.613990940867269e-05,0.6124980250949491,0.9666910933273306,2.3846607838258562e-06,0.10814102767300415,11,33,3,82,2.8553611031652565e-07,1.4238578278620095e-05,0.0020840294372659078,0.5822270209162037,"{'colsample_bylevel': 0.6124980250949491, 'colsample_bytree': 0.9666910933273306, 'gamma': 2.3846607838258562e-06, 'learning_rate': 0.10814102767300415, 'max_delta_step': 11, 'max_depth': 33, 'min_child_weight': 3, 'n_estimators': 82, 'reg_alpha': 2.8553611031652565e-07, 'reg_lambda': 1.4238578278620095e-05, 'scale_pos_weight': 0.0020840294372659078, 'subsample': 0.5822270209162037}"
67,-333.98142285950576,-482.331906170809,-372.37374149666044,-1380.3011696683263,-369.9884697055989,-587.7953419801801,399.3634505852292,1,0.007626724243164062,9.635926897527542e-05,0.0003317356109619141,1.1139634514197418e-05,0.6118311717195078,0.9675024142649504,2.2988629183960447e-06,0.10734857847277542,11,33,3,82,2.7858417992611185e-07,1.439868633666108e-05,0.003094343365621248,0.5840103949426408,"{'colsample_bylevel': 0.6118311717195078, 'colsample_bytree': 0.9675024142649504, 'gamma': 2.2988629183960447e-06, 'learning_rate': 0.10734857847277542, 'max_delta_step': 11, 'max_depth': 33, 'min_child_weight': 3, 'n_estimators': 82, 'reg_alpha': 2.7858417992611185e-07, 'reg_lambda': 1.439868633666108e-05, 'scale_pos_weight': 0.003094343365621248, 'subsample': 0.5840103949426408}"
68,-333.98142285950576,-482.331906170809,-372.37374149666044,-1380.3011696683263,-369.9884697055989,-587.7953419801801,399.3634505852292,1,0.007637166976928711,0.00010404173758024542,0.000330352783203125,1.0314021901899887e-05,0.6140204388432919,0.9683155411138638,2.310966130629167e-06,0.10827437223752316,11,33,3,82,2.7188014220124916e-07,1.3518383673899641e-05,0.0019772040983995712,0.582552040257697,"{'colsample_bylevel': 0.6140204388432919, 'colsample_bytree': 0.9683155411138638, 'gamma': 2.310966130629167e-06, 'learning_rate': 0.10827437223752316, 'max_delta_step': 11, 'max_depth': 33, 'min_child_weight': 3, 'n_estimators': 82, 'reg_alpha': 2.7188014220124916e-07, 'reg_lambda': 1.3518383673899641e-05, 'scale_pos_weight': 0.0019772040983995712, 'subsample': 0.582552040257697}"
69,-333.98142285950576,-482.331906170809,-372.37374149666044,-1380.3011696683263,-369.9884697055989,-587.7953419801801,399.3634505852292,1,0.0076331615447998045,0.00010003225331258478,0.0003315448760986328,1.001426149503756e-05,0.6137295195585566,0.9691322210415813,2.3312621555969372e-06,0.10828089461225039,11,33,3,82,2.6535642121773514e-07,1.2888922288796247e-05,0.001941460006229998,0.5825576952923625,"{'colsample_bylevel': 0.6137295195585566, 'colsample_bytree': 0.9691322210415813, 'gamma': 2.3312621555969372e-06, 'learning_rate': 0.10828089461225039, 'max_delta_step': 11, 'max_depth': 33, 'min_child_weight': 3, 'n_estimators': 82, 'reg_alpha': 2.6535642121773514e-07, 'reg_lambda': 1.2888922288796247e-05, 'scale_pos_weight': 0.001941460006229998, 'subsample': 0.5825576952923625}"
70,-333.98142285950576,-482.331906170809,-372.37374149666044,-1380.3011696683263,-369.9884697055989,-587.7953419801801,399.3634505852292,1,0.008592653274536132,0.0002046112301906245,0.0004548549652099609,7.85004024459559e-05,0.7464106312052432,0.969947235410993,2.8387305375584047e-05,0.04021000910859942,16,49,2,83,2.5908880532396276e-07,2.080330281294847e-07,0.0006068913098377362,0.21700127812366138,"{'colsample_bylevel': 0.7464106312052432, 'colsample_bytree': 0.969947235410993, 'gamma': 2.8387305375584047e-05, 'learning_rate': 0.04021000910859942, 'max_delta_step': 16, 'max_depth': 49, 'min_child_weight': 2, 'n_estimators': 83, 'reg_alpha': 2.5908880532396276e-07, 'reg_lambda': 2.080330281294847e-07, 'scale_pos_weight': 0.0006068913098377362, 'subsample': 0.21700127812366138}"
71,-333.98142285950576,-482.331906170809,-372.37374149666044,-1380.3011696683263,-369.9884697055989,-587.7953419801801,399.3634505852292,1,0.007628297805786133,9.49517489101468e-05,0.00033092498779296875,1.1436141749512686e-05,0.6177304115974985,0.9707590392972033,2.4171297835631704e-06,0.10597439178757981,11,33,3,82,2.530708487606004e-07,1.099029032677137e-05,0.0018099877367172,0.5747299522435854,"{'colsample_bylevel': 0.6177304115974985, 'colsample_bytree': 0.9707590392972033, 'gamma': 2.4171297835631704e-06, 'learning_rate': 0.10597439178757981, 'max_delta_step': 11, 'max_depth': 33, 'min_child_weight': 3, 'n_estimators': 82, 'reg_alpha': 2.530708487606004e-07, 'reg_lambda': 1.099029032677137e-05, 'scale_pos_weight': 0.0018099877367172, 'subsample': 0.5747299522435854}"
72,-333.98142285950576,-482.331906170809,-372.37374149666044,-1380.3011696683263,-369.9884697055989,-587.7953419801801,399.3634505852292,1,0.007474374771118164,9.065756665454544e-05,0.00033121109008789064,1.3091242650282736e-05,0.6013364166254205,0.9697328428925241,2.8253255240836e-06,0.10425091945292653,11,32,3,80,6.304079210330677e-07,6.159838739343256e-05,0.0014933014991451562,0.5725517413988245,"{'colsample_bylevel': 0.6013364166254205, 'colsample_bytree': 0.9697328428925241, 'gamma': 2.8253255240836e-06, 'learning_rate': 0.10425091945292653, 'max_delta_step': 11, 'max_depth': 32, 'min_child_weight': 3, 'n_estimators': 80, 'reg_alpha': 6.304079210330677e-07, 'reg_lambda': 6.159838739343256e-05, 'scale_pos_weight': 0.0014933014991451562, 'subsample': 0.5725517413988245}"
73,-333.98142285950576,-482.331906170809,-372.37374149666044,-1380.3011696683263,-369.9884697055989,-587.7953419801801,399.3634505852292,1,0.00782027244567871,0.00020359364209111982,0.0003977298736572266,2.9992412869516387e-05,0.6015457874219611,0.967170325333863,2.8984320156562793e-06,0.10468164131204566,11,32,3,80,8.681202287629701e-07,6.472546919728488e-05,0.0015148981137403335,0.573298547021282,"{'colsample_bylevel': 0.6015457874219611, 'colsample_bytree': 0.967170325333863, 'gamma': 2.8984320156562793e-06, 'learning_rate': 0.10468164131204566, 'max_delta_step': 11, 'max_depth': 32, 'min_child_weight': 3, 'n_estimators': 80, 'reg_alpha': 8.681202287629701e-07, 'reg_lambda': 6.472546919728488e-05, 'scale_pos_weight': 0.0015148981137403335, 'subsample': 0.573298547021282}"
74,-333.98142285950576,-482.331906170809,-372.37374149666044,-1380.3011696683263,-369.9884697055989,-587.7953419801801,399.3634505852292,1,0.007775402069091797,4.089962145654701e-05,0.0004130363464355469,6.825713645075961e-05,0.6015759877977217,0.9641575378996351,2.917032631104195e-06,0.10447098781917828,11,32,3,80,6.521906002602895e-07,6.39019459354737e-05,0.0015433350270929696,0.5730577013757578,"{'colsample_bylevel': 0.6015759877977217, 'colsample_bytree': 0.9641575378996351, 'gamma': 2.917032631104195e-06, 'learning_rate': 0.10447098781917828, 'max_delta_step': 11, 'max_depth': 32, 'min_child_weight': 3, 'n_estimators': 80, 'reg_alpha': 6.521906002602895e-07, 'reg_lambda': 6.39019459354737e-05, 'scale_pos_weight': 0.0015433350270929696, 'subsample': 0.5730577013757578}"
75,-333.98142285950576,-482.331906170809,-372.37374149666044,-1380.3011696683263,-369.9884697055989,-587.7953419801801,399.3634505852292,1,0.0073852062225341795,0.00010569592282865964,0.0003330230712890625,1.2507684983719464e-05,0.6012266095248654,0.9608652139054427,2.7871527668336136e-06,0.10943686945959943,11,32,3,79,6.546356440112513e-07,0.00022055409264985814,0.0015754839637961392,0.5747357262267788,"{'colsample_bylevel': 0.6012266095248654, 'colsample_bytree': 0.9608652139054427, 'gamma': 2.7871527668336136e-06, 'learning_rate': 0.10943686945959943, 'max_delta_step': 11, 'max_depth': 32, 'min_child_weight': 3, 'n_estimators': 79, 'reg_alpha': 6.546356440112513e-07, 'reg_lambda': 0.00022055409264985814, 'scale_pos_weight': 0.0015754839637961392, 'subsample': 0.5747357262267788}"
76,-333.98142285950576,-482.331906170809,-372.37374149666044,-1380.3011696683263,-369.9884697055989,-587.7953419801801,399.3634505852292,1,0.0075286865234375,0.0003013453373839133,0.0003460884094238281,3.868545510680126e-05,0.6023712332917708,0.9577684236242974,3.0021288025555165e-06,0.10508456552252064,11,31,3,79,6.647446126564397e-07,6.698503257990177e-05,0.0016050788081962317,0.5737267207333083,"{'colsample_bylevel': 0.6023712332917708, 'colsample_bytree': 0.9577684236242974, 'gamma': 3.0021288025555165e-06, 'learning_rate': 0.10508456552252064, 'max_delta_step': 11, 'max_depth': 31, 'min_child_weight': 3, 'n_estimators': 79, 'reg_alpha': 6.647446126564397e-07, 'reg_lambda': 6.698503257990177e-05, 'scale_pos_weight': 0.0016050788081962317, 'subsample': 0.5737267207333083}"
77,-333.98142285950576,-482.331906170809,-372.37374149666044,-1380.3011696683263,-369.9884697055989,-587.7953419801801,399.3634505852292,1,0.007555675506591797,0.00010336542841231884,0.00034160614013671874,1.5632260999160014e-05,0.5851673587239803,0.9879976834865059,2.088308349840039e-07,0.10463821833498847,9,33,3,81,5.240614190153082e-08,1.1807006094761892e-06,0.00021155893577207732,0.5738769502945763,"{'colsample_bylevel': 0.5851673587239803, 'colsample_bytree': 0.9879976834865059, 'gamma': 2.088308349840039e-07, 'learning_rate': 0.10463821833498847, 'max_delta_step': 9, 'max_depth': 33, 'min_child_weight': 3, 'n_estimators': 81, 'reg_alpha': 5.240614190153082e-08, 'reg_lambda': 1.1807006094761892e-06, 'scale_pos_weight': 0.00021155893577207732, 'subsample': 0.5738769502945763}"
78,-333.98142285950576,-482.331906170809,-372.37374149666044,-1380.3011696683263,-369.9884697055989,-587.7953419801801,399.3634505852292,1,0.005350685119628907,4.043500377680427e-05,0.0003575801849365234,2.835052557310532e-05,0.11984002545044778,0.9546726194499948,8.0070196730443e-07,0.037705550588948915,7,22,2,61,5.88497133077074e-07,0.04226498751630752,0.0015380265692366548,0.806355824779324,"{'colsample_bylevel': 0.11984002545044778, 'colsample_bytree': 0.9546726194499948, 'gamma': 8.0070196730443e-07, 'learning_rate': 0.037705550588948915, 'max_delta_step': 7, 'max_depth': 22, 'min_child_weight': 2, 'n_estimators': 61, 'reg_alpha': 5.88497133077074e-07, 'reg_lambda': 0.04226498751630752, 'scale_pos_weight': 0.0015380265692366548, 'subsample': 0.806355824779324}"
79,-333.98142285950576,-482.331906170809,-372.37374149666044,-1380.3011696683263,-369.9884697055989,-587.7953419801801,399.3634505852292,1,0.008275270462036133,0.00021360101330751007,0.0005571365356445313,4.9385322589017296e-05,0.5900922287423507,0.9521085907585035,2.855041766747704e-06,0.10254466497230143,11,31,3,79,6.514217995241334e-07,7.540908372867544e-05,0.0015597491022195508,0.5803349398377458,"{'colsample_bylevel': 0.5900922287423507, 'colsample_bytree': 0.9521085907585035, 'gamma': 2.855041766747704e-06, 'learning_rate': 0.10254466497230143, 'max_delta_step': 11, 'max_depth': 31, 'min_child_weight': 3, 'n_estimators': 79, 'reg_alpha': 6.514217995241334e-07, 'reg_lambda': 7.540908372867544e-05, 'scale_pos_weight': 0.0015597491022195508, 'subsample': 0.5803349398377458}"
80,-333.98142285950576,-482.331906170809,-372.37374149666044,-1380.3011696683263,-369.9884697055989,-587.7953419801801,399.3634505852292,1,0.0076982975006103516,0.000100795750974756,0.0003306865692138672,1.0723006466082283e-05,0.6422755658587407,0.9862364108987185,1.3079483898306516e-06,0.1133158046298842,11,35,3,83,1.343663523600347e-07,5.489396910127737e-06,0.0012740536917297317,0.6153226931584489,"{'colsample_bylevel': 0.6422755658587407, 'colsample_bytree': 0.9862364108987185, 'gamma': 1.3079483898306516e-06, 'learning_rate': 0.1133158046298842, 'max_delta_step': 11, 'max_depth': 35, 'min_child_weight': 3, 'n_estimators': 83, 'reg_alpha': 1.343663523600347e-07, 'reg_lambda': 5.489396910127737e-06, 'scale_pos_weight': 0.0012740536917297317, 'subsample': 0.6153226931584489}"
81,-333.98142285950576,-482.331906170809,-372.37374149666044,-1380.3011696683263,-369.9884697055989,-587.7953419801801,399.3634505852292,1,0.00811924934387207,0.0001889542433749695,0.0004695415496826172,7.066022011530512e-05,0.6108441747837168,0.9776597735251625,2.1443127922444027e-06,0.10471625065641663,11,34,3,82,2.2331613286506666e-07,1.1163587328425359e-05,0.001252775404270349,0.5806300460733566,"{'colsample_bylevel': 0.6108441747837168, 'colsample_bytree': 0.9776597735251625, 'gamma': 2.1443127922444027e-06, 'learning_rate': 0.10471625065641663, 'max_delta_step': 11, 'max_depth': 34, 'min_child_weight': 3, 'n_estimators': 82, 'reg_alpha': 2.2331613286506666e-07, 'reg_lambda': 1.1163587328425359e-05, 'scale_pos_weight': 0.001252775404270349, 'subsample': 0.5806300460733566}"
82,-333.98142285950576,-482.331906170809,-372.37374149666044,-1380.3011696683263,-369.9884697055989,-587.7953419801801,399.3634505852292,1,0.007414531707763672,0.000244596426507358,0.00034012794494628904,3.596332274799868e-05,0.7419959300888967,0.978490511903106,4.791020192619111e-07,0.11191380126868831,11,31,2,75,2.1848444911612557e-07,8.625412340248224e-07,0.00019154465215432846,0.4310114714404898,"{'colsample_bylevel': 0.7419959300888967, 'colsample_bytree': 0.978490511903106, 'gamma': 4.791020192619111e-07, 'learning_rate': 0.11191380126868831, 'max_delta_step': 11, 'max_depth': 31, 'min_child_weight': 2, 'n_estimators': 75, 'reg_alpha': 2.1848444911612557e-07, 'reg_lambda': 8.625412340248224e-07, 'scale_pos_weight': 0.00019154465215432846, 'subsample': 0.4310114714404898}"
83,-333.98142285950576,-482.331906170809,-372.37374149666044,-1380.3011696683263,-369.9884697055989,-587.7953419801801,399.3634505852292,1,0.007807636260986328,0.00011922317424023089,0.0005282402038574219,1.5178558903255912e-05,0.5976895583151091,0.9476705324709425,2.4478128498502847e-06,0.024773621854512286,17,41,1,76,1.0739011447915145e-07,0.009411067846353892,0.0014986437871328613,0.37646459539550053,"{'colsample_bylevel': 0.5976895583151091, 'colsample_bytree': 0.9476705324709425, 'gamma': 2.4478128498502847e-06, 'learning_rate': 0.024773621854512286, 'max_delta_step': 17, 'max_depth': 41, 'min_child_weight': 1, 'n_estimators': 76, 'reg_alpha': 1.0739011447915145e-07, 'reg_lambda': 0.009411067846353892, 'scale_pos_weight': 0.0014986437871328613, 'subsample': 0.37646459539550053}"
84,-333.98142285950576,-482.331906170809,-372.37374149666044,-1380.3011696683263,-369.9884697055989,-587.7953419801801,399.3634505852292,1,0.008342123031616211,0.00022454922496855024,0.00052642822265625,5.546499642789973e-06,0.6136683886977282,0.9795687064888298,2.070116382333668e-06,0.10237391718169286,11,34,3,82,2.067923604636874e-07,1.094574516627306e-05,0.0008642432242149604,0.5742819501916189,"{'colsample_bylevel': 0.6136683886977282, 'colsample_bytree': 0.9795687064888298, 'gamma': 2.070116382333668e-06, 'learning_rate': 0.10237391718169286, 'max_delta_step': 11, 'max_depth': 34, 'min_child_weight': 3, 'n_estimators': 82, 'reg_alpha': 2.067923604636874e-07, 'reg_lambda': 1.094574516627306e-05, 'scale_pos_weight': 0.0008642432242149604, 'subsample': 0.5742819501916189}"
85,-333.98142285950576,-482.331906170809,-372.37374149666044,-1380.3011696683263,-369.9884697055989,-587.7953419801801,399.3634505852292,1,0.00835590362548828,0.00013022058740958743,0.0005312919616699219,8.011148084426267e-06,0.16492930137474965,0.9453335768582979,3.916554576244059e-05,0.0797567271217154,15,26,3,93,9.52792578926717e-08,6.124501517546101e-06,0.0014869519045707992,0.4965009775219003,"{'colsample_bylevel': 0.16492930137474965, 'colsample_bytree': 0.9453335768582979, 'gamma': 3.916554576244059e-05, 'learning_rate': 0.0797567271217154, 'max_delta_step': 15, 'max_depth': 26, 'min_child_weight': 3, 'n_estimators': 93, 'reg_alpha': 9.52792578926717e-08, 'reg_lambda': 6.124501517546101e-06, 'scale_pos_weight': 0.0014869519045707992, 'subsample': 0.4965009775219003}"
86,-333.98142285950576,-482.331906170809,-372.37374149666044,-1380.3011696683263,-369.9884697055989,-587.7953419801801,399.3634505852292,1,0.008188343048095703,0.00014458191732523014,0.0005681514739990234,7.531627441878214e-05,0.5859099378425117,0.9439237934626787,3.0929278616173102e-06,0.0996170573534486,11,31,3,79,5.665877747575685e-07,6.585761396037938e-05,0.0014948499457938804,0.5733313040449398,"{'colsample_bylevel': 0.5859099378425117, 'colsample_bytree': 0.9439237934626787, 'gamma': 3.0929278616173102e-06, 'learning_rate': 0.0996170573534486, 'max_delta_step': 11, 'max_depth': 31, 'min_child_weight': 3, 'n_estimators': 79, 'reg_alpha': 5.665877747575685e-07, 'reg_lambda': 6.585761396037938e-05, 'scale_pos_weight': 0.0014948499457938804, 'subsample': 0.5733313040449398}"
87,-333.98142285950576,-482.331906170809,-372.37374149666044,-1380.3011696683263,-369.9884697055989,-587.7953419801801,399.3634505852292,1,0.007270526885986328,0.000128071252899844,0.0005188941955566406,3.398969384015673e-05,0.5853373357861439,0.9426267048747723,0.0001899672362916479,0.5358832282256544,17,33,4,71,4.610632832096337e-05,2.251016047781818e-05,0.0015010413883109544,0.4815918366486545,"{'colsample_bylevel': 0.5853373357861439, 'colsample_bytree': 0.9426267048747723, 'gamma': 0.0001899672362916479, 'learning_rate': 0.5358832282256544, 'max_delta_step': 17, 'max_depth': 33, 'min_child_weight': 4, 'n_estimators': 71, 'reg_alpha': 4.610632832096337e-05, 'reg_lambda': 2.251016047781818e-05, 'scale_pos_weight': 0.0015010413883109544, 'subsample': 0.4815918366486545}"
88,-333.98142285950576,-482.331906170809,-372.37374149666044,-1380.3011696683263,-369.9884697055989,-587.7953419801801,399.3634505852292,1,0.008822011947631835,6.508563459033983e-05,0.0005279541015625,1.551048003897578e-05,0.6646381516960199,0.9976985049665752,1.1592307710600616e-06,0.1139286498002909,12,36,3,85,6.096713462386883e-08,3.1526760220629197e-06,0.00041071662255620346,0.621379963940266,"{'colsample_bylevel': 0.6646381516960199, 'colsample_bytree': 0.9976985049665752, 'gamma': 1.1592307710600616e-06, 'learning_rate': 0.1139286498002909, 'max_delta_step': 12, 'max_depth': 36, 'min_child_weight': 3, 'n_estimators': 85, 'reg_alpha': 6.096713462386883e-08, 'reg_lambda': 3.1526760220629197e-06, 'scale_pos_weight': 0.00041071662255620346, 'subsample': 0.621379963940266}"
89,-333.98142285950576,-482.331906170809,-372.37374149666044,-1380.3011696683263,-369.9884697055989,-587.7953419801801,399.3634505852292,1,0.008773708343505859,0.00032019036785591243,0.0004429340362548828,9.547708882667652e-05,0.824020525953428,0.9991061809495494,1.0983902734612115e-07,0.09319585877271008,10,42,3,86,1.5972201268974816e-05,1.2855644423458772e-06,0.00028998653535188684,0.7974238234713065,"{'colsample_bylevel': 0.824020525953428, 'colsample_bytree': 0.9991061809495494, 'gamma': 1.0983902734612115e-07, 'learning_rate': 0.09319585877271008, 'max_delta_step': 10, 'max_depth': 42, 'min_child_weight': 3, 'n_estimators': 86, 'reg_alpha': 1.5972201268974816e-05, 'reg_lambda': 1.2855644423458772e-06, 'scale_pos_weight': 0.00028998653535188684, 'subsample': 0.7974238234713065}"
90,-333.98142285950576,-482.331906170809,-372.37374149666044,-1380.3011696683263,-369.9884697055989,-587.7953419801801,399.3634505852292,1,0.008292627334594727,0.0002821159968873532,0.0003588676452636719,5.7473101774491236e-05,0.6721340960305631,1.0,1.0956116772151206e-06,0.11425734735952826,12,36,3,85,5.7462599810687125e-08,2.546933380440713e-06,0.0003550435876197941,0.6272809997482566,"{'colsample_bylevel': 0.6721340960305631, 'colsample_bytree': 1.0, 'gamma': 1.0956116772151206e-06, 'learning_rate': 0.11425734735952826, 'max_delta_step': 12, 'max_depth': 36, 'min_child_weight': 3, 'n_estimators': 85, 'reg_alpha': 5.7462599810687125e-08, 'reg_lambda': 2.546933380440713e-06, 'scale_pos_weight': 0.0003550435876197941, 'subsample': 0.6272809997482566}"
91,-333.98142285950576,-482.331906170809,-372.37374149666044,-1380.3011696683263,-369.9884697055989,-587.7953419801801,399.3634505852292,1,0.007887697219848633,0.00022013834896582194,0.00035777091979980467,3.32586995944935e-05,0.6349854831878566,0.985236727127661,3.365748875302275e-07,0.08747284374597124,12,31,3,84,1.8973421485175556e-07,8.165511907817899e-06,0.0007122414884576553,0.5325638416559535,"{'colsample_bylevel': 0.6349854831878566, 'colsample_bytree': 0.985236727127661, 'gamma': 3.365748875302275e-07, 'learning_rate': 0.08747284374597124, 'max_delta_step': 12, 'max_depth': 31, 'min_child_weight': 3, 'n_estimators': 84, 'reg_alpha': 1.8973421485175556e-07, 'reg_lambda': 8.165511907817899e-06, 'scale_pos_weight': 0.0007122414884576553, 'subsample': 0.5325638416559535}"
92,-333.98142285950576,-482.331906170809,-372.37374149666044,-1380.3011696683263,-369.9884697055989,-587.7953419801801,399.3634505852292,1,0.008044147491455078,0.00013843762836617018,0.0003321647644042969,1.1696029159234605e-05,0.6623939136122741,0.9860727695755119,2.7101101295756227e-06,0.06310006284333795,11,32,3,85,1.8600629568620375e-07,2.0199842339503136e-05,0.003189323857959292,0.5820629119208931,"{'colsample_bylevel': 0.6623939136122741, 'colsample_bytree': 0.9860727695755119, 'gamma': 2.7101101295756227e-06, 'learning_rate': 0.06310006284333795, 'max_delta_step': 11, 'max_depth': 32, 'min_child_weight': 3, 'n_estimators': 85, 'reg_alpha': 1.8600629568620375e-07, 'reg_lambda': 2.0199842339503136e-05, 'scale_pos_weight': 0.003189323857959292, 'subsample': 0.5820629119208931}"
93,-333.98142285950576,-482.331906170809,-372.37374149666044,-1380.3011696683263,-369.9884697055989,-587.7953419801801,399.3634505852292,1,0.008394575119018555,5.2403427441210004e-05,0.0003563880920410156,2.1063792342296685e-05,0.6786544063064037,1.0,9.99786994136837e-07,0.11378958250918982,12,37,3,86,4.848142927958718e-08,2.122639306089215e-06,0.00030266245011991734,0.6302295240395016,"{'colsample_bylevel': 0.6786544063064037, 'colsample_bytree': 1.0, 'gamma': 9.99786994136837e-07, 'learning_rate': 0.11378958250918982, 'max_delta_step': 12, 'max_depth': 37, 'min_child_weight': 3, 'n_estimators': 86, 'reg_alpha': 4.848142927958718e-08, 'reg_lambda': 2.122639306089215e-06, 'scale_pos_weight': 0.00030266245011991734, 'subsample': 0.6302295240395016}"
94,-333.98142285950576,-482.331906170809,-372.37374149666044,-1380.3011696683263,-369.9884697055989,-587.7953419801801,399.3634505852292,1,0.007418346405029297,0.0001803503406625136,0.0003464221954345703,2.3677257741825445e-05,0.5297488240536179,0.9884122293946961,1.1155506572481205e-05,0.15203674301372175,10,36,2,80,1.7636493662493507e-07,5.077855103169337e-05,0.000567368193128507,0.6173013089139351,"{'colsample_bylevel': 0.5297488240536179, 'colsample_bytree': 0.9884122293946961, 'gamma': 1.1155506572481205e-05, 'learning_rate': 0.15203674301372175, 'max_delta_step': 10, 'max_depth': 36, 'min_child_weight': 2, 'n_estimators': 80, 'reg_alpha': 1.7636493662493507e-07, 'reg_lambda': 5.077855103169337e-05, 'scale_pos_weight': 0.000567368193128507, 'subsample': 0.6173013089139351}"
95,-333.98142285950576,-482.331906170809,-372.37374149666044,-1380.3011696683263,-369.9884697055989,-587.7953419801801,399.3634505852292,1,0.007949161529541015,7.09165072311842e-05,0.0003295421600341797,1.0092064416066783e-05,0.6568755737949299,1.0,1.2051622283135804e-06,0.11054780568974101,12,36,3,84,5.915280856116142e-08,3.2800998543716974e-06,0.0004150107444502407,0.6102634095922498,"{'colsample_bylevel': 0.6568755737949299, 'colsample_bytree': 1.0, 'gamma': 1.2051622283135804e-06, 'learning_rate': 0.11054780568974101, 'max_delta_step': 12, 'max_depth': 36, 'min_child_weight': 3, 'n_estimators': 84, 'reg_alpha': 5.915280856116142e-08, 'reg_lambda': 3.2800998543716974e-06, 'scale_pos_weight': 0.0004150107444502407, 'subsample': 0.6102634095922498}"
96,-333.98142285950576,-482.331906170809,-372.37374149666044,-1380.3011696683263,-369.9884697055989,-587.7953419801801,399.3634505852292,1,0.007585048675537109,0.00013902931286698816,0.00033354759216308594,1.4802702828356811e-05,0.2938166220086466,0.9900693899031713,2.4126866974312987e-06,0.3034747084031752,6,9,2,89,1.6418599763548374e-07,6.087203716523625e-06,0.0022170766153851206,0.3476876209506981,"{'colsample_bylevel': 0.2938166220086466, 'colsample_bytree': 0.9900693899031713, 'gamma': 2.4126866974312987e-06, 'learning_rate': 0.3034747084031752, 'max_delta_step': 6, 'max_depth': 9, 'min_child_weight': 2, 'n_estimators': 89, 'reg_alpha': 1.6418599763548374e-07, 'reg_lambda': 6.087203716523625e-06, 'scale_pos_weight': 0.0022170766153851206, 'subsample': 0.3476876209506981}"
97,-333.98142285950576,-482.331906170809,-372.37374149666044,-1380.3011696683263,-369.9884697055989,-587.7953419801801,399.3634505852292,1,0.007139015197753906,0.00012081000417823621,0.00033020973205566406,1.298626409234947e-05,0.5290715916374352,0.9435544105028743,2.0456588685782356e-06,0.08130323509673135,10,40,3,78,1.7990738688040013e-06,1.8994566276771908e-05,0.0012752414133710296,0.5381133411511047,"{'colsample_bylevel': 0.5290715916374352, 'colsample_bytree': 0.9435544105028743, 'gamma': 2.0456588685782356e-06, 'learning_rate': 0.08130323509673135, 'max_delta_step': 10, 'max_depth': 40, 'min_child_weight': 3, 'n_estimators': 78, 'reg_alpha': 1.7990738688040013e-06, 'reg_lambda': 1.8994566276771908e-05, 'scale_pos_weight': 0.0012752414133710296, 'subsample': 0.5381133411511047}"
98,-333.98142285950576,-482.331906170809,-372.37374149666044,-1380.3011696683263,-369.9884697055989,-587.7953419801801,399.3634505852292,1,0.008172988891601562,0.00012497864620905554,0.00039782524108886717,5.085968466017964e-05,0.5473031765668149,0.991188963805286,1.2904121182902179e-05,0.0954417128328973,11,37,2,86,1.6243825344916255e-07,1.1415736249463023e-06,0.0001236716496244908,0.4922026828491187,"{'colsample_bylevel': 0.5473031765668149, 'colsample_bytree': 0.991188963805286, 'gamma': 1.2904121182902179e-05, 'learning_rate': 0.0954417128328973, 'max_delta_step': 11, 'max_depth': 37, 'min_child_weight': 2, 'n_estimators': 86, 'reg_alpha': 1.6243825344916255e-07, 'reg_lambda': 1.1415736249463023e-06, 'scale_pos_weight': 0.0001236716496244908, 'subsample': 0.4922026828491187}"
99,-333.98142285950576,-482.331906170809,-372.37374149666044,-1380.3011696683263,-369.9884697055989,-587.7953419801801,399.3634505852292,1,0.007985925674438477,0.00015232903159835816,0.0004458904266357422,5.115473830338776e-05,0.5902129676172104,0.9432951102282031,2.9993793359777273e-06,0.10462766964210996,11,32,3,80,5.531947461429175e-07,4.5311296764219386e-05,0.0012309844328700996,0.5712375913237611,"{'colsample_bylevel': 0.5902129676172104, 'colsample_bytree': 0.9432951102282031, 'gamma': 2.9993793359777273e-06, 'learning_rate': 0.10462766964210996, 'max_delta_step': 11, 'max_depth': 32, 'min_child_weight': 3, 'n_estimators': 80, 'reg_alpha': 5.531947461429175e-07, 'reg_lambda': 4.5311296764219386e-05, 'scale_pos_weight': 0.0012309844328700996, 'subsample': 0.5712375913237611}"
